path,label
../data/Dataset_BUSI_with_GT/benign/benign (382).png,benign
../data/Dataset_BUSI_with_GT/malignant/malignant (118).png,malignant
../data/Dataset_BUSI_with_GT/benign/benign (95).png,benign
../data/Dataset_BUSI_with_GT/benign/benign (353).png,benign
../data/Dataset_BUSI_with_GT/benign/benign (352).png,benign
../data/Dataset_BUSI_with_GT/normal/normal (26).png,normal
../data/Dataset_BUSI_with_GT/benign/benign (8).png,benign
../data/Dataset_BUSI_with_GT/normal/normal (65).png,normal
../data/Dataset_BUSI_with_GT/benign/benign (305).png,benign
../data/Dataset_BUSI_with_GT/benign/benign (302).png,benign
../data/Dataset_BUSI_with_GT/benign/benign (390).png,benign
../data/Dataset_BUSI_with_GT/normal/normal (125).png,normal
../data/Dataset_BUSI_with_GT/benign/benign (293).png,benign
../data/Dataset_BUSI_with_GT/benign/benign (86).png,benign
../data/Dataset_BUSI_with_GT/benign/benign (338).png,benign
../data/Dataset_BUSI_with_GT/malignant/malignant (7).png,malignant
../data/Dataset_BUSI_with_GT/normal/normal (54).png,normal
../data/Dataset_BUSI_with_GT/malignant/malignant (9).png,malignant
../data/Dataset_BUSI_with_GT/benign/benign (17).png,benign
../data/Dataset_BUSI_with_GT/benign/benign (211).png,benign
../data/Dataset_BUSI_with_GT/malignant/malignant (94).png,malignant
../data/Dataset_BUSI_with_GT/benign/benign (316).png,benign
../data/Dataset_BUSI_with_GT/benign/benign (343).png,benign
../data/Dataset_BUSI_with_GT/benign/benign (135).png,benign
../data/Dataset_BUSI_with_GT/benign/benign (428).png,benign
../data/Dataset_BUSI_with_GT/malignant/malignant (82).png,malignant
../data/Dataset_BUSI_with_GT/malignant/malignant (108).png,malignant
../data/Dataset_BUSI_with_GT/benign/benign (193).png,benign
../data/Dataset_BUSI_with_GT/malignant/malignant (100).png,malignant
../data/Dataset_BUSI_with_GT/benign/benign (24).png,benign
../data/Dataset_BUSI_with_GT/malignant/malignant (36).png,malignant
../data/Dataset_BUSI_with_GT/benign/benign (67).png,benign
../data/Dataset_BUSI_with_GT/normal/normal (53).png,normal
../data/Dataset_BUSI_with_GT/benign/benign (236).png,benign
../data/Dataset_BUSI_with_GT/benign/benign (96).png,benign
../data/Dataset_BUSI_with_GT/malignant/malignant (183).png,malignant
../data/Dataset_BUSI_with_GT/benign/benign (339).png,benign
../data/Dataset_BUSI_with_GT/benign/benign (342).png,benign
../data/Dataset_BUSI_with_GT/normal/normal (10).png,normal
../data/Dataset_BUSI_with_GT/normal/normal (72).png,normal
../data/Dataset_BUSI_with_GT/benign/benign (286).png,benign
../data/Dataset_BUSI_with_GT/benign/benign (402).png,benign
../data/Dataset_BUSI_with_GT/normal/normal (1).png,normal
../data/Dataset_BUSI_with_GT/benign/benign (243).png,benign
../data/Dataset_BUSI_with_GT/benign/benign (313).png,benign
../data/Dataset_BUSI_with_GT/benign/benign (362).png,benign
../data/Dataset_BUSI_with_GT/benign/benign (272).png,benign
../data/Dataset_BUSI_with_GT/benign/benign (80).png,benign
../data/Dataset_BUSI_with_GT/benign/benign (223).png,benign
../data/Dataset_BUSI_with_GT/malignant/malignant (14).png,malignant
../data/Dataset_BUSI_with_GT/benign/benign (294).png,benign
../data/Dataset_BUSI_with_GT/benign/benign (10).png,benign
../data/Dataset_BUSI_with_GT/malignant/malignant (102).png,malignant
../data/Dataset_BUSI_with_GT/normal/normal (85).png,normal
../data/Dataset_BUSI_with_GT/benign/benign (108).png,benign
../data/Dataset_BUSI_with_GT/normal/normal (130).png,normal
../data/Dataset_BUSI_with_GT/benign/benign (66).png,benign
../data/Dataset_BUSI_with_GT/benign/benign (192).png,benign
../data/Dataset_BUSI_with_GT/normal/normal (95).png,normal
../data/Dataset_BUSI_with_GT/malignant/malignant (120).png,malignant
../data/Dataset_BUSI_with_GT/benign/benign (21).png,benign
../data/Dataset_BUSI_with_GT/benign/benign (347).png,benign
../data/Dataset_BUSI_with_GT/benign/benign (311).png,benign
../data/Dataset_BUSI_with_GT/benign/benign (68).png,benign
../data/Dataset_BUSI_with_GT/benign/benign (38).png,benign
../data/Dataset_BUSI_with_GT/malignant/malignant (165).png,malignant
../data/Dataset_BUSI_with_GT/normal/normal (55).png,normal
../data/Dataset_BUSI_with_GT/benign/benign (93).png,benign
../data/Dataset_BUSI_with_GT/benign/benign (308).png,benign
../data/Dataset_BUSI_with_GT/normal/normal (60).png,normal
../data/Dataset_BUSI_with_GT/benign/benign (274).png,benign
../data/Dataset_BUSI_with_GT/normal/normal (18).png,normal
../data/Dataset_BUSI_with_GT/normal/normal (83).png,normal
../data/Dataset_BUSI_with_GT/benign/benign (232).png,benign
../data/Dataset_BUSI_with_GT/malignant/malignant (2).png,malignant
../data/Dataset_BUSI_with_GT/normal/normal (109).png,normal
../data/Dataset_BUSI_with_GT/benign/benign (41).png,benign
../data/Dataset_BUSI_with_GT/malignant/malignant (105).png,malignant
../data/Dataset_BUSI_with_GT/normal/normal (100).png,normal
../data/Dataset_BUSI_with_GT/benign/benign (51).png,benign
../data/Dataset_BUSI_with_GT/benign/benign (374).png,benign
../data/Dataset_BUSI_with_GT/benign/benign (78).png,benign
../data/Dataset_BUSI_with_GT/benign/benign (264).png,benign
../data/Dataset_BUSI_with_GT/benign/benign (106).png,benign
../data/Dataset_BUSI_with_GT/normal/normal (101).png,normal
../data/Dataset_BUSI_with_GT/benign/benign (260).png,benign
../data/Dataset_BUSI_with_GT/malignant/malignant (55).png,malignant
../data/Dataset_BUSI_with_GT/benign/benign (77).png,benign
../data/Dataset_BUSI_with_GT/benign/benign (427).png,benign
../data/Dataset_BUSI_with_GT/benign/benign (94).png,benign
../data/Dataset_BUSI_with_GT/benign/benign (124).png,benign
../data/Dataset_BUSI_with_GT/malignant/malignant (208).png,malignant
../data/Dataset_BUSI_with_GT/malignant/malignant (13).png,malignant
../data/Dataset_BUSI_with_GT/benign/benign (111).png,benign
../data/Dataset_BUSI_with_GT/benign/benign (9).png,benign
../data/Dataset_BUSI_with_GT/normal/normal (62).png,normal
../data/Dataset_BUSI_with_GT/malignant/malignant (48).png,malignant
../data/Dataset_BUSI_with_GT/normal/normal (61).png,normal
../data/Dataset_BUSI_with_GT/malignant/malignant (193).png,malignant
../data/Dataset_BUSI_with_GT/benign/benign (422).png,benign
../data/Dataset_BUSI_with_GT/benign/benign (82).png,benign
../data/Dataset_BUSI_with_GT/benign/benign (74).png,benign
../data/Dataset_BUSI_with_GT/malignant/malignant (71).png,malignant
../data/Dataset_BUSI_with_GT/normal/normal (126).png,normal
../data/Dataset_BUSI_with_GT/benign/benign (238).png,benign
../data/Dataset_BUSI_with_GT/benign/benign (72).png,benign
../data/Dataset_BUSI_with_GT/normal/normal (114).png,normal
../data/Dataset_BUSI_with_GT/benign/benign (52).png,benign
../data/Dataset_BUSI_with_GT/malignant/malignant (89).png,malignant
../data/Dataset_BUSI_with_GT/benign/benign (44).png,benign
../data/Dataset_BUSI_with_GT/malignant/malignant (137).png,malignant
../data/Dataset_BUSI_with_GT/normal/normal (56).png,normal
../data/Dataset_BUSI_with_GT/normal/normal (57).png,normal
../data/Dataset_BUSI_with_GT/benign/benign (434).png,benign
../data/Dataset_BUSI_with_GT/malignant/malignant (194).png,malignant
../data/Dataset_BUSI_with_GT/malignant/malignant (110).png,malignant
../data/Dataset_BUSI_with_GT/benign/benign (19).png,benign
../data/Dataset_BUSI_with_GT/benign/benign (73).png,benign
../data/Dataset_BUSI_with_GT/benign/benign (65).png,benign
../data/Dataset_BUSI_with_GT/benign/benign (398).png,benign
../data/Dataset_BUSI_with_GT/benign/benign (157).png,benign
../data/Dataset_BUSI_with_GT/malignant/malignant (189).png,malignant
../data/Dataset_BUSI_with_GT/benign/benign (137).png,benign
../data/Dataset_BUSI_with_GT/malignant/malignant (109).png,malignant
../data/Dataset_BUSI_with_GT/normal/normal (98).png,normal
../data/Dataset_BUSI_with_GT/malignant/malignant (56).png,malignant
../data/Dataset_BUSI_with_GT/malignant/malignant (57).png,malignant
../data/Dataset_BUSI_with_GT/benign/benign (296).png,benign
../data/Dataset_BUSI_with_GT/benign/benign (263).png,benign
../data/Dataset_BUSI_with_GT/malignant/malignant (164).png,malignant
../data/Dataset_BUSI_with_GT/benign/benign (333).png,benign
../data/Dataset_BUSI_with_GT/normal/normal (14).png,normal
../data/Dataset_BUSI_with_GT/benign/benign (373).png,benign
../data/Dataset_BUSI_with_GT/malignant/malignant (84).png,malignant
../data/Dataset_BUSI_with_GT/benign/benign (142).png,benign
../data/Dataset_BUSI_with_GT/benign/benign (247).png,benign
../data/Dataset_BUSI_with_GT/benign/benign (107).png,benign
../data/Dataset_BUSI_with_GT/benign/benign (88).png,benign
../data/Dataset_BUSI_with_GT/malignant/malignant (129).png,malignant
../data/Dataset_BUSI_with_GT/benign/benign (346).png,benign
../data/Dataset_BUSI_with_GT/normal/normal (90).png,normal
../data/Dataset_BUSI_with_GT/malignant/malignant (131).png,malignant
../data/Dataset_BUSI_with_GT/malignant/malignant (73).png,malignant
../data/Dataset_BUSI_with_GT/benign/benign (126).png,benign
../data/Dataset_BUSI_with_GT/malignant/malignant (30).png,malignant
../data/Dataset_BUSI_with_GT/normal/normal (104).png,normal
../data/Dataset_BUSI_with_GT/benign/benign (130).png,benign
../data/Dataset_BUSI_with_GT/malignant/malignant (176).png,malignant
../data/Dataset_BUSI_with_GT/benign/benign (6).png,benign
../data/Dataset_BUSI_with_GT/benign/benign (178).png,benign
../data/Dataset_BUSI_with_GT/benign/benign (127).png,benign
../data/Dataset_BUSI_with_GT/malignant/malignant (77).png,malignant
../data/Dataset_BUSI_with_GT/benign/benign (299).png,benign
../data/Dataset_BUSI_with_GT/benign/benign (371).png,benign
../data/Dataset_BUSI_with_GT/benign/benign (217).png,benign
../data/Dataset_BUSI_with_GT/benign/benign (56).png,benign
../data/Dataset_BUSI_with_GT/benign/benign (304).png,benign
../data/Dataset_BUSI_with_GT/malignant/malignant (8).png,malignant
../data/Dataset_BUSI_with_GT/malignant/malignant (1).png,malignant
../data/Dataset_BUSI_with_GT/normal/normal (50).png,normal
../data/Dataset_BUSI_with_GT/benign/benign (349).png,benign
../data/Dataset_BUSI_with_GT/benign/benign (115).png,benign
../data/Dataset_BUSI_with_GT/normal/normal (75).png,normal
../data/Dataset_BUSI_with_GT/benign/benign (109).png,benign
../data/Dataset_BUSI_with_GT/malignant/malignant (42).png,malignant
../data/Dataset_BUSI_with_GT/malignant/malignant (106).png,malignant
../data/Dataset_BUSI_with_GT/malignant/malignant (179).png,malignant
../data/Dataset_BUSI_with_GT/benign/benign (186).png,benign
../data/Dataset_BUSI_with_GT/benign/benign (354).png,benign
../data/Dataset_BUSI_with_GT/malignant/malignant (60).png,malignant
../data/Dataset_BUSI_with_GT/normal/normal (11).png,normal
../data/Dataset_BUSI_with_GT/benign/benign (278).png,benign
../data/Dataset_BUSI_with_GT/benign/benign (246).png,benign
../data/Dataset_BUSI_with_GT/normal/normal (3).png,normal
../data/Dataset_BUSI_with_GT/benign/benign (13).png,benign
../data/Dataset_BUSI_with_GT/normal/normal (42).png,normal
../data/Dataset_BUSI_with_GT/malignant/malignant (188).png,malignant
../data/Dataset_BUSI_with_GT/benign/benign (156).png,benign
../data/Dataset_BUSI_with_GT/benign/benign (196).png,benign
../data/Dataset_BUSI_with_GT/malignant/malignant (197).png,malignant
../data/Dataset_BUSI_with_GT/malignant/malignant (175).png,malignant
../data/Dataset_BUSI_with_GT/benign/benign (134).png,benign
../data/Dataset_BUSI_with_GT/benign/benign (425).png,benign
../data/Dataset_BUSI_with_GT/normal/normal (94).png,normal
../data/Dataset_BUSI_with_GT/benign/benign (125).png,benign
../data/Dataset_BUSI_with_GT/benign/benign (208).png,benign
../data/Dataset_BUSI_with_GT/normal/normal (122).png,normal
../data/Dataset_BUSI_with_GT/normal/normal (78).png,normal
../data/Dataset_BUSI_with_GT/malignant/malignant (27).png,malignant
../data/Dataset_BUSI_with_GT/malignant/malignant (114).png,malignant
../data/Dataset_BUSI_with_GT/benign/benign (287).png,benign
../data/Dataset_BUSI_with_GT/normal/normal (96).png,normal
../data/Dataset_BUSI_with_GT/malignant/malignant (39).png,malignant
../data/Dataset_BUSI_with_GT/malignant/malignant (95).png,malignant
../data/Dataset_BUSI_with_GT/benign/benign (433).png,benign
../data/Dataset_BUSI_with_GT/normal/normal (119).png,normal
../data/Dataset_BUSI_with_GT/malignant/malignant (23).png,malignant
../data/Dataset_BUSI_with_GT/benign/benign (323).png,benign
../data/Dataset_BUSI_with_GT/benign/benign (356).png,benign
../data/Dataset_BUSI_with_GT/normal/normal (30).png,normal
../data/Dataset_BUSI_with_GT/malignant/malignant (80).png,malignant
../data/Dataset_BUSI_with_GT/malignant/malignant (136).png,malignant
../data/Dataset_BUSI_with_GT/malignant/malignant (6).png,malignant
../data/Dataset_BUSI_with_GT/benign/benign (366).png,benign
../data/Dataset_BUSI_with_GT/normal/normal (112).png,normal
../data/Dataset_BUSI_with_GT/benign/benign (266).png,benign
../data/Dataset_BUSI_with_GT/benign/benign (219).png,benign
../data/Dataset_BUSI_with_GT/malignant/malignant (93).png,malignant
../data/Dataset_BUSI_with_GT/malignant/malignant (115).png,malignant
../data/Dataset_BUSI_with_GT/benign/benign (306).png,benign
../data/Dataset_BUSI_with_GT/benign/benign (23).png,benign
../data/Dataset_BUSI_with_GT/normal/normal (73).png,normal
../data/Dataset_BUSI_with_GT/malignant/malignant (143).png,malignant
../data/Dataset_BUSI_with_GT/benign/benign (436).png,benign
../data/Dataset_BUSI_with_GT/benign/benign (207).png,benign
../data/Dataset_BUSI_with_GT/benign/benign (363).png,benign
../data/Dataset_BUSI_with_GT/normal/normal (31).png,normal
../data/Dataset_BUSI_with_GT/malignant/malignant (62).png,malignant
../data/Dataset_BUSI_with_GT/benign/benign (268).png,benign
../data/Dataset_BUSI_with_GT/benign/benign (143).png,benign
../data/Dataset_BUSI_with_GT/benign/benign (324).png,benign
../data/Dataset_BUSI_with_GT/benign/benign (332).png,benign
../data/Dataset_BUSI_with_GT/benign/benign (336).png,benign
../data/Dataset_BUSI_with_GT/benign/benign (84).png,benign
../data/Dataset_BUSI_with_GT/malignant/malignant (162).png,malignant
../data/Dataset_BUSI_with_GT/malignant/malignant (53).png,malignant
../data/Dataset_BUSI_with_GT/benign/benign (244).png,benign
../data/Dataset_BUSI_with_GT/malignant/malignant (51).png,malignant
../data/Dataset_BUSI_with_GT/malignant/malignant (24).png,malignant
../data/Dataset_BUSI_with_GT/benign/benign (250).png,benign
../data/Dataset_BUSI_with_GT/benign/benign (165).png,benign
../data/Dataset_BUSI_with_GT/benign/benign (7).png,benign
../data/Dataset_BUSI_with_GT/benign/benign (387).png,benign
../data/Dataset_BUSI_with_GT/malignant/malignant (177).png,malignant
../data/Dataset_BUSI_with_GT/malignant/malignant (187).png,malignant
../data/Dataset_BUSI_with_GT/benign/benign (384).png,benign
../data/Dataset_BUSI_with_GT/benign/benign (289).png,benign
../data/Dataset_BUSI_with_GT/benign/benign (180).png,benign
../data/Dataset_BUSI_with_GT/benign/benign (280).png,benign
../data/Dataset_BUSI_with_GT/benign/benign (256).png,benign
../data/Dataset_BUSI_with_GT/benign/benign (395).png,benign
../data/Dataset_BUSI_with_GT/benign/benign (277).png,benign
../data/Dataset_BUSI_with_GT/benign/benign (209).png,benign
../data/Dataset_BUSI_with_GT/benign/benign (159).png,benign
../data/Dataset_BUSI_with_GT/benign/benign (230).png,benign
../data/Dataset_BUSI_with_GT/malignant/malignant (159).png,malignant
../data/Dataset_BUSI_with_GT/benign/benign (399).png,benign
../data/Dataset_BUSI_with_GT/benign/benign (145).png,benign
../data/Dataset_BUSI_with_GT/benign/benign (284).png,benign
../data/Dataset_BUSI_with_GT/benign/benign (301).png,benign
../data/Dataset_BUSI_with_GT/benign/benign (113).png,benign
../data/Dataset_BUSI_with_GT/normal/normal (129).png,normal
../data/Dataset_BUSI_with_GT/benign/benign (27).png,benign
../data/Dataset_BUSI_with_GT/benign/benign (89).png,benign
../data/Dataset_BUSI_with_GT/benign/benign (177).png,benign
../data/Dataset_BUSI_with_GT/malignant/malignant (45).png,malignant
../data/Dataset_BUSI_with_GT/benign/benign (55).png,benign
../data/Dataset_BUSI_with_GT/malignant/malignant (132).png,malignant
../data/Dataset_BUSI_with_GT/malignant/malignant (128).png,malignant
../data/Dataset_BUSI_with_GT/benign/benign (117).png,benign
../data/Dataset_BUSI_with_GT/benign/benign (261).png,benign
../data/Dataset_BUSI_with_GT/benign/benign (173).png,benign
../data/Dataset_BUSI_with_GT/benign/benign (285).png,benign
../data/Dataset_BUSI_with_GT/benign/benign (416).png,benign
../data/Dataset_BUSI_with_GT/benign/benign (70).png,benign
../data/Dataset_BUSI_with_GT/benign/benign (28).png,benign
../data/Dataset_BUSI_with_GT/benign/benign (315).png,benign
../data/Dataset_BUSI_with_GT/benign/benign (291).png,benign
../data/Dataset_BUSI_with_GT/benign/benign (171).png,benign
../data/Dataset_BUSI_with_GT/benign/benign (1).png,benign
../data/Dataset_BUSI_with_GT/benign/benign (98).png,benign
../data/Dataset_BUSI_with_GT/malignant/malignant (200).png,malignant
../data/Dataset_BUSI_with_GT/malignant/malignant (12).png,malignant
../data/Dataset_BUSI_with_GT/benign/benign (275).png,benign
../data/Dataset_BUSI_with_GT/benign/benign (166).png,benign
../data/Dataset_BUSI_with_GT/benign/benign (167).png,benign
../data/Dataset_BUSI_with_GT/normal/normal (124).png,normal
../data/Dataset_BUSI_with_GT/benign/benign (213).png,benign
../data/Dataset_BUSI_with_GT/benign/benign (201).png,benign
../data/Dataset_BUSI_with_GT/malignant/malignant (139).png,malignant
../data/Dataset_BUSI_with_GT/malignant/malignant (127).png,malignant
../data/Dataset_BUSI_with_GT/benign/benign (185).png,benign
../data/Dataset_BUSI_with_GT/benign/benign (179).png,benign
../data/Dataset_BUSI_with_GT/malignant/malignant (69).png,malignant
../data/Dataset_BUSI_with_GT/malignant/malignant (135).png,malignant
../data/Dataset_BUSI_with_GT/normal/normal (67).png,normal
../data/Dataset_BUSI_with_GT/benign/benign (377).png,benign
../data/Dataset_BUSI_with_GT/malignant/malignant (3).png,malignant
../data/Dataset_BUSI_with_GT/benign/benign (426).png,benign
../data/Dataset_BUSI_with_GT/normal/normal (2).png,normal
../data/Dataset_BUSI_with_GT/benign/benign (252).png,benign
../data/Dataset_BUSI_with_GT/normal/normal (103).png,normal
../data/Dataset_BUSI_with_GT/malignant/malignant (123).png,malignant
../data/Dataset_BUSI_with_GT/normal/normal (92).png,normal
../data/Dataset_BUSI_with_GT/benign/benign (198).png,benign
../data/Dataset_BUSI_with_GT/malignant/malignant (59).png,malignant
../data/Dataset_BUSI_with_GT/normal/normal (36).png,normal
../data/Dataset_BUSI_with_GT/malignant/malignant (86).png,malignant
../data/Dataset_BUSI_with_GT/benign/benign (152).png,benign
../data/Dataset_BUSI_with_GT/benign/benign (203).png,benign
../data/Dataset_BUSI_with_GT/benign/benign (437).png,benign
../data/Dataset_BUSI_with_GT/benign/benign (344).png,benign
../data/Dataset_BUSI_with_GT/benign/benign (191).png,benign
../data/Dataset_BUSI_with_GT/benign/benign (154).png,benign
../data/Dataset_BUSI_with_GT/benign/benign (417).png,benign
../data/Dataset_BUSI_with_GT/malignant/malignant (117).png,malignant
../data/Dataset_BUSI_with_GT/benign/benign (359).png,benign
../data/Dataset_BUSI_with_GT/benign/benign (57).png,benign
../data/Dataset_BUSI_with_GT/normal/normal (6).png,normal
../data/Dataset_BUSI_with_GT/benign/benign (150).png,benign
../data/Dataset_BUSI_with_GT/benign/benign (132).png,benign
../data/Dataset_BUSI_with_GT/benign/benign (407).png,benign
../data/Dataset_BUSI_with_GT/benign/benign (199).png,benign
../data/Dataset_BUSI_with_GT/benign/benign (140).png,benign
../data/Dataset_BUSI_with_GT/malignant/malignant (81).png,malignant
../data/Dataset_BUSI_with_GT/malignant/malignant (64).png,malignant
../data/Dataset_BUSI_with_GT/benign/benign (430).png,benign
../data/Dataset_BUSI_with_GT/benign/benign (189).png,benign
../data/Dataset_BUSI_with_GT/benign/benign (403).png,benign
../data/Dataset_BUSI_with_GT/normal/normal (16).png,normal
../data/Dataset_BUSI_with_GT/benign/benign (131).png,benign
../data/Dataset_BUSI_with_GT/benign/benign (408).png,benign
../data/Dataset_BUSI_with_GT/malignant/malignant (111).png,malignant
../data/Dataset_BUSI_with_GT/benign/benign (233).png,benign
../data/Dataset_BUSI_with_GT/benign/benign (155).png,benign
../data/Dataset_BUSI_with_GT/benign/benign (229).png,benign
../data/Dataset_BUSI_with_GT/benign/benign (30).png,benign
../data/Dataset_BUSI_with_GT/benign/benign (212).png,benign
../data/Dataset_BUSI_with_GT/benign/benign (160).png,benign
../data/Dataset_BUSI_with_GT/benign/benign (58).png,benign
../data/Dataset_BUSI_with_GT/malignant/malignant (104).png,malignant
../data/Dataset_BUSI_with_GT/benign/benign (414).png,benign
../data/Dataset_BUSI_with_GT/benign/benign (29).png,benign
../data/Dataset_BUSI_with_GT/normal/normal (115).png,normal
../data/Dataset_BUSI_with_GT/normal/normal (35).png,normal
../data/Dataset_BUSI_with_GT/normal/normal (80).png,normal
../data/Dataset_BUSI_with_GT/normal/normal (89).png,normal
../data/Dataset_BUSI_with_GT/malignant/malignant (33).png,malignant
../data/Dataset_BUSI_with_GT/benign/benign (43).png,benign
../data/Dataset_BUSI_with_GT/benign/benign (360).png,benign
../data/Dataset_BUSI_with_GT/normal/normal (120).png,normal
../data/Dataset_BUSI_with_GT/malignant/malignant (206).png,malignant
../data/Dataset_BUSI_with_GT/benign/benign (379).png,benign
../data/Dataset_BUSI_with_GT/benign/benign (310).png,benign
../data/Dataset_BUSI_with_GT/benign/benign (59).png,benign
../data/Dataset_BUSI_with_GT/normal/normal (33).png,normal
../data/Dataset_BUSI_with_GT/benign/benign (245).png,benign
../data/Dataset_BUSI_with_GT/benign/benign (309).png,benign
../data/Dataset_BUSI_with_GT/benign/benign (368).png,benign
../data/Dataset_BUSI_with_GT/malignant/malignant (107).png,malignant
../data/Dataset_BUSI_with_GT/benign/benign (120).png,benign
../data/Dataset_BUSI_with_GT/benign/benign (351).png,benign
../data/Dataset_BUSI_with_GT/normal/normal (111).png,normal
../data/Dataset_BUSI_with_GT/benign/benign (421).png,benign
../data/Dataset_BUSI_with_GT/malignant/malignant (145).png,malignant
../data/Dataset_BUSI_with_GT/normal/normal (107).png,normal
../data/Dataset_BUSI_with_GT/normal/normal (19).png,normal
../data/Dataset_BUSI_with_GT/benign/benign (4).png,benign
../data/Dataset_BUSI_with_GT/benign/benign (48).png,benign
../data/Dataset_BUSI_with_GT/normal/normal (58).png,normal
../data/Dataset_BUSI_with_GT/benign/benign (254).png,benign
../data/Dataset_BUSI_with_GT/benign/benign (241).png,benign
../data/Dataset_BUSI_with_GT/normal/normal (4).png,normal
../data/Dataset_BUSI_with_GT/normal/normal (12).png,normal
../data/Dataset_BUSI_with_GT/benign/benign (249).png,benign
../data/Dataset_BUSI_with_GT/benign/benign (119).png,benign
../data/Dataset_BUSI_with_GT/benign/benign (123).png,benign
../data/Dataset_BUSI_with_GT/normal/normal (44).png,normal
../data/Dataset_BUSI_with_GT/malignant/malignant (134).png,malignant
../data/Dataset_BUSI_with_GT/malignant/malignant (126).png,malignant
../data/Dataset_BUSI_with_GT/malignant/malignant (37).png,malignant
../data/Dataset_BUSI_with_GT/malignant/malignant (171).png,malignant
../data/Dataset_BUSI_with_GT/benign/benign (279).png,benign
../data/Dataset_BUSI_with_GT/malignant/malignant (209).png,malignant
../data/Dataset_BUSI_with_GT/benign/benign (410).png,benign
../data/Dataset_BUSI_with_GT/benign/benign (61).png,benign
../data/Dataset_BUSI_with_GT/malignant/malignant (185).png,malignant
../data/Dataset_BUSI_with_GT/malignant/malignant (116).png,malignant
../data/Dataset_BUSI_with_GT/benign/benign (432).png,benign
../data/Dataset_BUSI_with_GT/normal/normal (69).png,normal
../data/Dataset_BUSI_with_GT/benign/benign (435).png,benign
../data/Dataset_BUSI_with_GT/benign/benign (36).png,benign
../data/Dataset_BUSI_with_GT/malignant/malignant (140).png,malignant
../data/Dataset_BUSI_with_GT/benign/benign (138).png,benign
../data/Dataset_BUSI_with_GT/malignant/malignant (152).png,malignant
../data/Dataset_BUSI_with_GT/malignant/malignant (146).png,malignant
../data/Dataset_BUSI_with_GT/benign/benign (401).png,benign
../data/Dataset_BUSI_with_GT/normal/normal (13).png,normal
../data/Dataset_BUSI_with_GT/benign/benign (259).png,benign
../data/Dataset_BUSI_with_GT/benign/benign (187).png,benign
../data/Dataset_BUSI_with_GT/normal/normal (113).png,normal
../data/Dataset_BUSI_with_GT/malignant/malignant (192).png,malignant
../data/Dataset_BUSI_with_GT/benign/benign (14).png,benign
../data/Dataset_BUSI_with_GT/benign/benign (31).png,benign
../data/Dataset_BUSI_with_GT/benign/benign (53).png,benign
../data/Dataset_BUSI_with_GT/benign/benign (162).png,benign
../data/Dataset_BUSI_with_GT/benign/benign (326).png,benign
../data/Dataset_BUSI_with_GT/benign/benign (85).png,benign
../data/Dataset_BUSI_with_GT/benign/benign (183).png,benign
../data/Dataset_BUSI_with_GT/benign/benign (60).png,benign
../data/Dataset_BUSI_with_GT/benign/benign (42).png,benign
../data/Dataset_BUSI_with_GT/benign/benign (218).png,benign
../data/Dataset_BUSI_with_GT/normal/normal (9).png,normal
../data/Dataset_BUSI_with_GT/malignant/malignant (181).png,malignant
../data/Dataset_BUSI_with_GT/normal/normal (118).png,normal
../data/Dataset_BUSI_with_GT/benign/benign (317).png,benign
../data/Dataset_BUSI_with_GT/benign/benign (79).png,benign
../data/Dataset_BUSI_with_GT/malignant/malignant (75).png,malignant
../data/Dataset_BUSI_with_GT/malignant/malignant (50).png,malignant
../data/Dataset_BUSI_with_GT/benign/benign (100).png,benign
../data/Dataset_BUSI_with_GT/benign/benign (378).png,benign
../data/Dataset_BUSI_with_GT/benign/benign (364).png,benign
../data/Dataset_BUSI_with_GT/benign/benign (40).png,benign
../data/Dataset_BUSI_with_GT/benign/benign (220).png,benign
../data/Dataset_BUSI_with_GT/benign/benign (216).png,benign
../data/Dataset_BUSI_with_GT/normal/normal (93).png,normal
../data/Dataset_BUSI_with_GT/benign/benign (265).png,benign
../data/Dataset_BUSI_with_GT/benign/benign (18).png,benign
../data/Dataset_BUSI_with_GT/benign/benign (153).png,benign
../data/Dataset_BUSI_with_GT/benign/benign (176).png,benign
../data/Dataset_BUSI_with_GT/benign/benign (168).png,benign
../data/Dataset_BUSI_with_GT/benign/benign (129).png,benign
../data/Dataset_BUSI_with_GT/benign/benign (141).png,benign
../data/Dataset_BUSI_with_GT/benign/benign (12).png,benign
../data/Dataset_BUSI_with_GT/normal/normal (102).png,normal
../data/Dataset_BUSI_with_GT/benign/benign (170).png,benign
../data/Dataset_BUSI_with_GT/malignant/malignant (166).png,malignant
../data/Dataset_BUSI_with_GT/benign/benign (47).png,benign
../data/Dataset_BUSI_with_GT/benign/benign (122).png,benign
../data/Dataset_BUSI_with_GT/malignant/malignant (158).png,malignant
../data/Dataset_BUSI_with_GT/malignant/malignant (147).png,malignant
../data/Dataset_BUSI_with_GT/malignant/malignant (144).png,malignant
../data/Dataset_BUSI_with_GT/malignant/malignant (91).png,malignant
../data/Dataset_BUSI_with_GT/normal/normal (86).png,normal
../data/Dataset_BUSI_with_GT/benign/benign (231).png,benign
../data/Dataset_BUSI_with_GT/normal/normal (25).png,normal
../data/Dataset_BUSI_with_GT/benign/benign (83).png,benign
../data/Dataset_BUSI_with_GT/benign/benign (329).png,benign
../data/Dataset_BUSI_with_GT/malignant/malignant (52).png,malignant
../data/Dataset_BUSI_with_GT/benign/benign (361).png,benign
../data/Dataset_BUSI_with_GT/benign/benign (262).png,benign
../data/Dataset_BUSI_with_GT/malignant/malignant (10).png,malignant
../data/Dataset_BUSI_with_GT/benign/benign (214).png,benign
../data/Dataset_BUSI_with_GT/benign/benign (367).png,benign
../data/Dataset_BUSI_with_GT/benign/benign (169).png,benign
../data/Dataset_BUSI_with_GT/malignant/malignant (46).png,malignant
../data/Dataset_BUSI_with_GT/benign/benign (26).png,benign
../data/Dataset_BUSI_with_GT/benign/benign (320).png,benign
../data/Dataset_BUSI_with_GT/malignant/malignant (21).png,malignant
../data/Dataset_BUSI_with_GT/normal/normal (91).png,normal
../data/Dataset_BUSI_with_GT/malignant/malignant (85).png,malignant
../data/Dataset_BUSI_with_GT/malignant/malignant (11).png,malignant
../data/Dataset_BUSI_with_GT/malignant/malignant (31).png,malignant
../data/Dataset_BUSI_with_GT/normal/normal (37).png,normal
../data/Dataset_BUSI_with_GT/malignant/malignant (99).png,malignant
../data/Dataset_BUSI_with_GT/malignant/malignant (170).png,malignant
../data/Dataset_BUSI_with_GT/malignant/malignant (76).png,malignant
../data/Dataset_BUSI_with_GT/benign/benign (91).png,benign
../data/Dataset_BUSI_with_GT/normal/normal (38).png,normal
../data/Dataset_BUSI_with_GT/benign/benign (357).png,benign
../data/Dataset_BUSI_with_GT/benign/benign (237).png,benign
../data/Dataset_BUSI_with_GT/benign/benign (64).png,benign
../data/Dataset_BUSI_with_GT/benign/benign (54).png,benign
../data/Dataset_BUSI_with_GT/benign/benign (76).png,benign
../data/Dataset_BUSI_with_GT/normal/normal (43).png,normal
../data/Dataset_BUSI_with_GT/benign/benign (383).png,benign
../data/Dataset_BUSI_with_GT/benign/benign (190).png,benign
../data/Dataset_BUSI_with_GT/benign/benign (337).png,benign
../data/Dataset_BUSI_with_GT/normal/normal (116).png,normal
../data/Dataset_BUSI_with_GT/benign/benign (205).png,benign
../data/Dataset_BUSI_with_GT/benign/benign (90).png,benign
../data/Dataset_BUSI_with_GT/normal/normal (70).png,normal
../data/Dataset_BUSI_with_GT/benign/benign (221).png,benign
../data/Dataset_BUSI_with_GT/benign/benign (128).png,benign
../data/Dataset_BUSI_with_GT/malignant/malignant (133).png,malignant
../data/Dataset_BUSI_with_GT/benign/benign (397).png,benign
../data/Dataset_BUSI_with_GT/malignant/malignant (17).png,malignant
../data/Dataset_BUSI_with_GT/normal/normal (24).png,normal
../data/Dataset_BUSI_with_GT/malignant/malignant (142).png,malignant
../data/Dataset_BUSI_with_GT/malignant/malignant (4).png,malignant
../data/Dataset_BUSI_with_GT/normal/normal (20).png,normal
../data/Dataset_BUSI_with_GT/normal/normal (88).png,normal
../data/Dataset_BUSI_with_GT/malignant/malignant (78).png,malignant
../data/Dataset_BUSI_with_GT/benign/benign (270).png,benign
../data/Dataset_BUSI_with_GT/benign/benign (257).png,benign
../data/Dataset_BUSI_with_GT/benign/benign (298).png,benign
../data/Dataset_BUSI_with_GT/malignant/malignant (74).png,malignant
../data/Dataset_BUSI_with_GT/benign/benign (118).png,benign
../data/Dataset_BUSI_with_GT/benign/benign (413).png,benign
../data/Dataset_BUSI_with_GT/malignant/malignant (54).png,malignant
../data/Dataset_BUSI_with_GT/benign/benign (149).png,benign
../data/Dataset_BUSI_with_GT/malignant/malignant (101).png,malignant
../data/Dataset_BUSI_with_GT/malignant/malignant (25).png,malignant
../data/Dataset_BUSI_with_GT/benign/benign (112).png,benign
../data/Dataset_BUSI_with_GT/benign/benign (158).png,benign
../data/Dataset_BUSI_with_GT/benign/benign (225).png,benign
../data/Dataset_BUSI_with_GT/malignant/malignant (155).png,malignant
../data/Dataset_BUSI_with_GT/benign/benign (184).png,benign
../data/Dataset_BUSI_with_GT/malignant/malignant (153).png,malignant
../data/Dataset_BUSI_with_GT/normal/normal (49).png,normal
../data/Dataset_BUSI_with_GT/benign/benign (164).png,benign
../data/Dataset_BUSI_with_GT/benign/benign (419).png,benign
../data/Dataset_BUSI_with_GT/benign/benign (50).png,benign
../data/Dataset_BUSI_with_GT/benign/benign (146).png,benign
../data/Dataset_BUSI_with_GT/normal/normal (39).png,normal
../data/Dataset_BUSI_with_GT/malignant/malignant (44).png,malignant
../data/Dataset_BUSI_with_GT/malignant/malignant (66).png,malignant
../data/Dataset_BUSI_with_GT/benign/benign (415).png,benign
../data/Dataset_BUSI_with_GT/malignant/malignant (163).png,malignant
../data/Dataset_BUSI_with_GT/benign/benign (276).png,benign
../data/Dataset_BUSI_with_GT/benign/benign (161).png,benign
../data/Dataset_BUSI_with_GT/malignant/malignant (205).png,malignant
../data/Dataset_BUSI_with_GT/benign/benign (381).png,benign
../data/Dataset_BUSI_with_GT/benign/benign (11).png,benign
../data/Dataset_BUSI_with_GT/benign/benign (345).png,benign
../data/Dataset_BUSI_with_GT/benign/benign (350).png,benign
../data/Dataset_BUSI_with_GT/benign/benign (103).png,benign
../data/Dataset_BUSI_with_GT/benign/benign (380).png,benign
../data/Dataset_BUSI_with_GT/benign/benign (242).png,benign
../data/Dataset_BUSI_with_GT/benign/benign (340).png,benign
../data/Dataset_BUSI_with_GT/benign/benign (283).png,benign
../data/Dataset_BUSI_with_GT/benign/benign (325).png,benign
../data/Dataset_BUSI_with_GT/malignant/malignant (191).png,malignant
../data/Dataset_BUSI_with_GT/benign/benign (204).png,benign
../data/Dataset_BUSI_with_GT/normal/normal (34).png,normal
../data/Dataset_BUSI_with_GT/benign/benign (69).png,benign
../data/Dataset_BUSI_with_GT/normal/normal (63).png,normal
../data/Dataset_BUSI_with_GT/malignant/malignant (125).png,malignant
../data/Dataset_BUSI_with_GT/malignant/malignant (141).png,malignant
../data/Dataset_BUSI_with_GT/normal/normal (121).png,normal
../data/Dataset_BUSI_with_GT/malignant/malignant (157).png,malignant
../data/Dataset_BUSI_with_GT/benign/benign (431).png,benign
../data/Dataset_BUSI_with_GT/malignant/malignant (18).png,malignant
../data/Dataset_BUSI_with_GT/benign/benign (148).png,benign
../data/Dataset_BUSI_with_GT/normal/normal (66).png,normal
../data/Dataset_BUSI_with_GT/malignant/malignant (22).png,malignant
../data/Dataset_BUSI_with_GT/normal/normal (74).png,normal
../data/Dataset_BUSI_with_GT/normal/normal (68).png,normal
../data/Dataset_BUSI_with_GT/normal/normal (17).png,normal
../data/Dataset_BUSI_with_GT/malignant/malignant (160).png,malignant
../data/Dataset_BUSI_with_GT/benign/benign (372).png,benign
../data/Dataset_BUSI_with_GT/benign/benign (71).png,benign
../data/Dataset_BUSI_with_GT/malignant/malignant (112).png,malignant
../data/Dataset_BUSI_with_GT/normal/normal (46).png,normal
../data/Dataset_BUSI_with_GT/benign/benign (2).png,benign
../data/Dataset_BUSI_with_GT/benign/benign (269).png,benign
../data/Dataset_BUSI_with_GT/malignant/malignant (92).png,malignant
../data/Dataset_BUSI_with_GT/benign/benign (273).png,benign
../data/Dataset_BUSI_with_GT/benign/benign (3).png,benign
../data/Dataset_BUSI_with_GT/normal/normal (8).png,normal
../data/Dataset_BUSI_with_GT/benign/benign (16).png,benign
../data/Dataset_BUSI_with_GT/malignant/malignant (83).png,malignant
../data/Dataset_BUSI_with_GT/malignant/malignant (138).png,malignant
../data/Dataset_BUSI_with_GT/benign/benign (369).png,benign
../data/Dataset_BUSI_with_GT/normal/normal (29).png,normal
../data/Dataset_BUSI_with_GT/benign/benign (240).png,benign
../data/Dataset_BUSI_with_GT/benign/benign (328).png,benign
../data/Dataset_BUSI_with_GT/benign/benign (101).png,benign
../data/Dataset_BUSI_with_GT/normal/normal (71).png,normal
../data/Dataset_BUSI_with_GT/malignant/malignant (43).png,malignant
../data/Dataset_BUSI_with_GT/benign/benign (370).png,benign
../data/Dataset_BUSI_with_GT/normal/normal (23).png,normal
../data/Dataset_BUSI_with_GT/normal/normal (47).png,normal
../data/Dataset_BUSI_with_GT/benign/benign (418).png,benign
../data/Dataset_BUSI_with_GT/benign/benign (15).png,benign
../data/Dataset_BUSI_with_GT/malignant/malignant (121).png,malignant
../data/Dataset_BUSI_with_GT/benign/benign (405).png,benign
../data/Dataset_BUSI_with_GT/malignant/malignant (97).png,malignant
../data/Dataset_BUSI_with_GT/benign/benign (235).png,benign
../data/Dataset_BUSI_with_GT/malignant/malignant (169).png,malignant
../data/Dataset_BUSI_with_GT/malignant/malignant (70).png,malignant
../data/Dataset_BUSI_with_GT/benign/benign (105).png,benign
../data/Dataset_BUSI_with_GT/malignant/malignant (15).png,malignant
../data/Dataset_BUSI_with_GT/benign/benign (406).png,benign
../data/Dataset_BUSI_with_GT/benign/benign (22).png,benign
../data/Dataset_BUSI_with_GT/malignant/malignant (35).png,malignant
../data/Dataset_BUSI_with_GT/malignant/malignant (90).png,malignant
../data/Dataset_BUSI_with_GT/normal/normal (81).png,normal
../data/Dataset_BUSI_with_GT/malignant/malignant (150).png,malignant
../data/Dataset_BUSI_with_GT/malignant/malignant (204).png,malignant
../data/Dataset_BUSI_with_GT/normal/normal (133).png,normal
../data/Dataset_BUSI_with_GT/malignant/malignant (168).png,malignant
../data/Dataset_BUSI_with_GT/benign/benign (396).png,benign
../data/Dataset_BUSI_with_GT/normal/normal (84).png,normal
../data/Dataset_BUSI_with_GT/benign/benign (172).png,benign
../data/Dataset_BUSI_with_GT/benign/benign (147).png,benign
../data/Dataset_BUSI_with_GT/benign/benign (39).png,benign
../data/Dataset_BUSI_with_GT/normal/normal (22).png,normal
../data/Dataset_BUSI_with_GT/benign/benign (49).png,benign
../data/Dataset_BUSI_with_GT/malignant/malignant (20).png,malignant
../data/Dataset_BUSI_with_GT/benign/benign (388).png,benign
../data/Dataset_BUSI_with_GT/malignant/malignant (26).png,malignant
../data/Dataset_BUSI_with_GT/malignant/malignant (58).png,malignant
../data/Dataset_BUSI_with_GT/malignant/malignant (190).png,malignant
../data/Dataset_BUSI_with_GT/normal/normal (87).png,normal
../data/Dataset_BUSI_with_GT/benign/benign (288).png,benign
../data/Dataset_BUSI_with_GT/benign/benign (163).png,benign
../data/Dataset_BUSI_with_GT/benign/benign (300).png,benign
../data/Dataset_BUSI_with_GT/normal/normal (127).png,normal
../data/Dataset_BUSI_with_GT/benign/benign (33).png,benign
../data/Dataset_BUSI_with_GT/malignant/malignant (151).png,malignant
../data/Dataset_BUSI_with_GT/benign/benign (200).png,benign
../data/Dataset_BUSI_with_GT/malignant/malignant (47).png,malignant
../data/Dataset_BUSI_with_GT/malignant/malignant (19).png,malignant
../data/Dataset_BUSI_with_GT/malignant/malignant (41).png,malignant
../data/Dataset_BUSI_with_GT/benign/benign (144).png,benign
../data/Dataset_BUSI_with_GT/benign/benign (215).png,benign
../data/Dataset_BUSI_with_GT/malignant/malignant (79).png,malignant
../data/Dataset_BUSI_with_GT/normal/normal (32).png,normal
../data/Dataset_BUSI_with_GT/malignant/malignant (103).png,malignant
../data/Dataset_BUSI_with_GT/benign/benign (181).png,benign
../data/Dataset_BUSI_with_GT/benign/benign (97).png,benign
../data/Dataset_BUSI_with_GT/benign/benign (312).png,benign
../data/Dataset_BUSI_with_GT/benign/benign (303).png,benign
../data/Dataset_BUSI_with_GT/malignant/malignant (49).png,malignant
../data/Dataset_BUSI_with_GT/malignant/malignant (119).png,malignant
../data/Dataset_BUSI_with_GT/malignant/malignant (68).png,malignant
../data/Dataset_BUSI_with_GT/normal/normal (131).png,normal
../data/Dataset_BUSI_with_GT/malignant/malignant (210).png,malignant
../data/Dataset_BUSI_with_GT/normal/normal (5).png,normal
../data/Dataset_BUSI_with_GT/benign/benign (63).png,benign
../data/Dataset_BUSI_with_GT/benign/benign (62).png,benign
../data/Dataset_BUSI_with_GT/malignant/malignant (174).png,malignant
../data/Dataset_BUSI_with_GT/benign/benign (87).png,benign
